Workbook

Sheet Sheet1
C2: Stt | D2: Thời Gian | E2: Part No | F2: Đơn Giá | G2: P/O NO | H2: Số Lượng | I2: Total | J2: Trạng Thái | M2: Trạng thái | N2: Tháng Thanh Toán
C3: =ROW()-2 -> 1 | E3: PF2M711-02-A-M | F3: 3435000 | G3: VH26M0233 | H3: 36 | I3: =H3*F3 -> 123660000 | J3: Đã nhập kho | K3: 8 | L3: =K3*I3% -> 9892800 | P3: =SUM(L:L) -> 231077360
C4: =ROW()-2 -> 2 | E4: PF2M711-02-A-M | F4: 3435000 | G4: VH26M0231 | H4: 36 | I4: =H4*F4 -> 123660000 | J4: Đã nhập kho | K4: 8 | L4: =K4*I4% -> 9892800
C5: =ROW()-2 -> 3 | E5: KQ2L04-02GS1 | F5: 108000 | G5: VH26M0197 | H5: 36 | I5: =H5*F5 -> 3888000 | J5: Đã nhập kho | K5: 8 | L5: =K5*I5% -> 311040
C6: =ROW()-2 -> 4 | E6: KQ2L04-02GS1 | F6: 108000 | G6: VH26M0251 | H6: 36 | I6: =H6*F6 -> 3888000 | J6: Đã nhập kho | K6: 8 | L6: =K6*I6% -> 311040
C7: =ROW()-2 -> 5 | E7: CUJB20-PS | F7: 189000 | G7: VH26K0649 | H7: 30 | I7: =H7*F7 -> 5670000 | J7: Đã nhập kho | K7: 8 | L7: =K7*I7% -> 453600
C8: =ROW()-2 -> 6 | E8: CUJB20-PS | F8: 189000 | G8: VH26M0744 | H8: 30 | I8: =H8*F8 -> 5670000 | J8: Đã nhập kho | K8: 8 | L8: =K8*I8% -> 453600
C9: =ROW()-2 -> 7 | E9: CJP2B16D-PS | F9: 119000 | G9: VH26K0436 | H9: 30 | I9: =H9*F9 -> 3570000 | J9: Đã nhập kho | K9: 8 | L9: =K9*I9% -> 285600
C10: =ROW()-2 -> 8 | E10: CJP2B16D-PS | F10: 119000 | G10: VH26M0482 | H10: 30 | I10: =H10*F10 -> 3570000 | J10: Đã nhập kho | K10: 8 | L10: =K10*I10% -> 285600
C11: =ROW()-2 -> 9 | E11: CJP2B16D-PS | F11: 119000 | G11: VH26T0660 | H11: 50 | I11: =H11*F11 -> 5950000 | J11: Đã nhập kho | K11: 8 | L11: =K11*I11% -> 476000
C12: =ROW()-2 -> 10 | E12: CU10D-PS | F12: 66000 | G12: VH26M0066 | H12: 80 | I12: =H12*F12 -> 5280000 | J12: Đã nhập kho | K12: 8 | L12: =K12*I12% -> 422400
C13: =ROW()-2 -> 11 | E13: CU10D-PS | F13: 66000 | G13: VH26M0743 | H13: 50 | I13: =H13*F13 -> 3300000 | J13: Đã nhập kho | K13: 8 | L13: =K13*I13% -> 264000
C14: =ROW()-2 -> 12 | E14: CQSWB12-PS | F14: 71000 | G14: VH26K0463 | H14: 20 | I14: =H14*F14 -> 1420000 | J14: Đã nhập kho | K14: 8 | L14: =K14*I14% -> 113600
C15: =ROW()-2 -> 13 | E15: CQSWB12-PS | F15: 71000 | G15: VH26M0527 | H15: 20 | I15: =H15*F15 -> 1420000 | J15: Đã nhập kho | K15: 8 | L15: =K15*I15% -> 113600
... C85: =ROW()-2 -> 83 | E85: CY3B15-PS | F85: 246000 | G85: VH26B0177 | H85: 20 | I85: =H85*F85 -> 4920000 | J85: Chưa Nhập kho | K85: 8 | L85: =K85*I85% -> 393600
C86: =ROW()-2 -> 84 | D86: 12/2025 | E86: PF2M711-02-A-M | F86: 3435000 | G86: VH26Y0389 | H86: 39 | I86: =H86*F86 -> 133965000 | K86: 8 | L86: =K86*I86% -> 10717200
C87: =ROW()-2 -> 85 | D87: 12/2025 | E87: KQ2L04-02GS1 | F87: 108000 | G87: VH26Y0391 | H87: 70 | I87: =H87*F87 -> 7560000 | K87: 8 | L87: =K87*I87% -> 604800
C88: =ROW()-2 -> 86 | D88: 12/2025 | E88: TU0425BU-100 | F88: 978000 | G88: VH26Y0339 | H88: 4 | I88: =H88*F88 -> 3912000 | K88: 8 | L88: =K88*I88% -> 312960
C89: =ROW()-2 -> 87 | D89: 12/2025 | E89: TU0425BU-100 | F89: 978000 | G89: VH84Y0092 | H89: 4 | I89: =H89*F89 -> 3912000 | K89: 8 | L89: =K89*I89% -> 312960
C90: =ROW()-2 -> 88 | D90: 12/2025 | E90: TU0425C-100 | F90: 978000 | G90: VH25Y0032 | H90: 1 | I90: =H90*F90 -> 978000 | K90: 8 | L90: =K90*I90% -> 78240
C91: =ROW()-2 -> 89 | D91: 12/2025 | E91: MXH2B6-5-XC22 | F91: 3105000 | G91: VH26F0352 | H91: 10 | I91: =H91*F91 -> 31050000 | K91: 8 | L91: =K91*I91% -> 2484000
C92: =ROW()-2 -> 90 | D92: 12/2025 | E92: CU10D-PS | F92: =VLOOKUP(E92,Sheet2!$H$2:$I$30,2,0) -> 66000 | G92: VH26C0059 | H92: 20 | I92: =H92*F92 -> 1320000 | K92: 8 | L92: =K92*I92% -> 105600
C93: =ROW()-2 -> 91 | D93: 12/2025 | E93: CY3R10-PS | F93: =VLOOKUP(E93,Sheet2!$H$2:$I$30,2,0) -> 714000 | G93: VH26B0179 | H93: 20 | I93: =H93*F93 -> 14280000 | K93: 8 | L93: =K93*I93% -> 1142400
C94: =ROW()-2 -> 92 | D94: 12/2025 | E94: CXSWL10APS | F94: =VLOOKUP(E94,Sheet2!$H$2:$I$30,2,0) -> 284000 | G94: VH26B0212 | H94: 10 | I94: =H94*F94 -> 2840000 | K94: 8 | L94: =K94*I94% -> 227200
C95: =ROW()-2 -> 93 | D95: 12/2025 | E95: MHL10-PS | F95: =VLOOKUP(E95,Sheet2!$H$2:$I$30,2,0) -> 628000 | G95: VH26B0250 | H95: 10 | I95: =H95*F95 -> 6280000 | K95: 8 | L95: =K95*I95% -> 502400
C96: =ROW()-2 -> 94 | D96: 11/2025 | E96: AS1311F-M5-04A | F96: =VLOOKUP(E96,Sheet2!$H$2:$I$30,2,0) -> 174000 | G96: VH26X0072 | H96: 235 | I96: =H96*F96 -> 40890000 | K96: 5 | L96: =K96*I96% -> 2044500
C97: =ROW()-2 -> 95 | D97: 11/2025 | E97: AS1311F-M5-04A | F97: =VLOOKUP(E97,Sheet2!$H$2:$I$30,2,0) -> 174000 | G97: VH26X0076 | H97: 330 | I97: =H97*F97 -> 57420000 | K97: 5 | L97: =K97*I97% -> 2871000
C98: =ROW()-2 -> 96 | D98: 11/2025 | E98: AS1311F-M5-04A | F98: =VLOOKUP(E98,Sheet2!$H$2:$I$30,2,0) -> 174000 | G98: VH26X0087 | H98: 180 | I98: =H98*F98 -> 31320000 | K98: 5 | L98: =K98*I98% -> 1566000
C99: =ROW()-2 -> 97 | D99: 02/2026 | E99: PF2M711-02-A-M | F99: 3435000 | G99: VH26F0250 | H99: 6 | I99: =H99*F99 -> 20610000 | K99: 8 | L99: =K99*I99% -> 1648800
C100: =ROW()-2 -> 98 | D100: 02/2026 | E100: KQ2L04-02GS1 | F100: 108000 | G100: VH26E0317 | H100: 9 | I100: =H100*F100 -> 972000 | K100: 8 | L100: =K100*I100% -> 77760
C101: =ROW()-2 -> 99 | D101: 02/2026 | E101: KQ2L04-02GS1 | F101: 108000 | G101: VH26F0091 | H101: 9 | I101: =H101*F101 -> 972000 | K101: 8 | L101: =K101*I101% -> 77760
C102: =ROW()-2 -> 100 | D102: 02/2026 | E102: TU0425BU-100 | F102: 978000 | G102: VH84E0133 | H102: 5 | I102: =H102*F102 -> 4890000 | K102: 8 | L102: =K102*I102% -> 391200
C103: =ROW()-2 -> 101 | D103: 02/2026 | E103: TU0425C-100 | F103: 978000 | G103: VH8CF0004 | H103: 1 | I103: =H103*F103 -> 978000 | K103: 8 | L103: =K103*I103% -> 78240
C104: =ROW()-2 -> 102 | D104: 02/2026 | E104: MXH2B6-5-XC22 | F104: 3105000 | G104: VH26E0325 | H104: 20 | I104: =H104*F104 -> 62100000 | K104: 8 | L104: =K104*I104% -> 4968000
C105: =ROW()-2 -> 103 | D105: 02/2026 | E105: CQSB12-PS | F105: =VLOOKUP(E105,Sheet2!$H$2:$I$30,2,0) -> 57000 | G105: VH26E0313 | H105: 50 | I105: =H105*F105 -> 2850000 | K105: 8 | L105: =K105*I105% -> 228000
C106: =ROW()-2 -> 104 | D106: 02/2026 | E106: CQSB12-PS | F106: =VLOOKUP(E106,Sheet2!$H$2:$I$30,2,0) -> 57000 | G106: VH2620114 | H106: 50 | I106: =H106*F106 -> 2850000 | K106: 8 | L106: =K106*I106% -> 228000
C107: =ROW()-2 -> 105 | D107: 02/2026 | E107: CY3R10-PS | F107: =VLOOKUP(E107,Sheet2!$H$2:$I$30,2,0) -> 714000 | G107: VH26E0454 | H107: 50 | I107: =H107*F107 -> 35700000 | K107: 8 | L107: =K107*I107% -> 2856000
C108: =ROW()-2 -> 106 | D108: 02/2026 | E108: CY3R10-PS | F108: =VLOOKUP(E108,Sheet2!$H$2:$I$30,2,0) -> 714000 | G108: VH2620129 | H108: 50 | I108: =H108*F108 -> 35700000 | K108: 8 | L108: =K108*I108% -> 2856000
C109: =ROW()-2 -> 107 | D109: 02/2026 | E109: CXSWM10-PS | F109: =VLOOKUP(E109,Sheet2!$H$2:$I$30,2,0) -> 284000 | G109: VH26E0328 | H109: 30 | I109: =H109*F109 -> 8520000 | K109: 8 | L109: =K109*I109% -> 681600
C110: =ROW()-2 -> 108 | D110: 02/2026 | E110: CXSWM10-PS | F110: =VLOOKUP(E110,Sheet2!$H$2:$I$30,2,0) -> 284000 | G110: VH2620123 | H110: 50 | I110: =H110*F110 -> 14200000 | K110: 8 | L110: =K110*I110% -> 1136000
C111: =ROW()-2 -> 109 | D111: 02/2026 | E111: CXSWL10APS | F111: =VLOOKUP(E111,Sheet2!$H$2:$I$30,2,0) -> 284000 | G111: VH26E0366 | H111: 50 | I111: =H111*F111 -> 14200000 | K111: 8 | L111: =K111*I111% -> 1136000
C112: =ROW()-2 -> 110 | D112: 02/2026 | E112: CXSWL10APS | F112: =VLOOKUP(E112,Sheet2!$H$2:$I$30,2,0) -> 284000 | G112: VH2620122 | H112: 50 | I112: =H112*F112 -> 14200000 | K112: 8 | L112: =K112*I112% -> 1136000
C113: =ROW()-2 -> 111 | D113: 02/2026 | E113: CY3R15-PS | F113: =VLOOKUP(E113,Sheet2!$H$2:$I$30,2,0) -> 293000 | G113: VH26E0512 | H113: 30 | I113: =H113*F113 -> 8790000 | K113: 8 | L113: =K113*I113% -> 703200
C114: =ROW()-2 -> 112 | D114: 02/2026 | E114: MXQ20-PS | F114: =VLOOKUP(E114,Sheet2!$H$2:$I$30,2,0) -> 360000 | G114: VH2620121 | H114: 30 | I114: =H114*F114 -> 10800000 | K114: 8 | L114: =K114*I114% -> 864000
C115: =ROW()-2 -> 113 | D115: 02/2026 | E115: CY3B15-PS | F115: =VLOOKUP(E115,Sheet2!$H$2:$I$30,2,0) -> 246000 | G115: VH2620130 | H115: 50 | I115: =H115*F115 -> 12300000 | K115: 8 | L115: =K115*I115% -> 984000
C116: =ROW()-2 -> 114 | D116: 03/2026 | E116: PF2M711-02-A-M | F116: 3435000 | G116: VH26G0346 | H116: 6 | I116: =H116*F116 -> 20610000 | K116: 8 | L116: =K116*I116% -> 1648800
C117: =ROW()-2 -> 115 | D117: 03/2026 | E117: KQ2L04-02GS1 | F117: 108000 | G117: VH26G0374 | H117: 36 | I117: =H117*F117 -> 3888000 | K117: 8 | L117: =K117*I117% -> 311040
C118: =ROW()-2 -> 116 | D118: 03/2026 | E118: TU0425BU-100 | F118: 978000 | G118: VH6CG0313 | H118: 2 | I118: =H118*F118 -> 1956000 | K118: 8 | L118: =K118*I118% -> 156480
C119: =ROW()-2 -> 117 | D119: 03/2026 | E119: MXH2B6-5-XC22 | F119: 3105000 | G119: VH26G0434 | H119: 6 | I119: =H119*F119 -> 18630000 | K119: 8 | L119: =K119*I119% -> 1490400
C120: =ROW()-2 -> 118 | D120: 03/2026 | E120: CUJB20-PS | F120: 189000 | G120: VH2630087 | H120: 50 | I120: =H120*F120 -> 9450000 | K120: 8 | L120: =K120*I120% -> 756000
C121: =ROW()-2 -> 119 | D121: 03/2026 | E121: CU10D-PS | F121: 66000 | G121: VH26G0273 | H121: 100 | I121: =H121*F121 -> 6600000 | K121: 8 | L121: =K121*I121% -> 528000
C122: =ROW()-2 -> 120 | D122: 03/2026 | E122: CQSB12-PS | F122: 57000 | G122: VH26G0332 | H122: 50 | I122: =H122*F122 -> 2850000 | K122: 8 | L122: =K122*I122% -> 228000
C123: =ROW()-2 -> 121 | D123: 03/2026 | E123: CY3R10-PS | F123: 714000 | G123: VH2630084 | H123: 10 | I123: =H123*F123 -> 7140000 | K123: 8 | L123: =K123*I123% -> 571200
C124: =ROW()-2 -> 122 | D124: 03/2026 | E124: CXSWM10-PS | F124: 284000 | G124: VH2630083 | H124: 10 | I124: =H124*F124 -> 2840000 | K124: 8 | L124: =K124*I124% -> 227200
C125: =ROW()-2 -> 123 | D125: 03/2026 | E125: CXSWL10APS | F125: 284000 | G125: VH2630082 | H125: 10 | I125: =H125*F125 -> 2840000 | K125: 8 | L125: =K125*I125% -> 227200
C126: =ROW()-2 -> 124 | D126: 03/2026 | E126: CY3R15-PS | F126: 293000 | G126: VH26G0369 | H126: 30 | I126: =H126*F126 -> 8790000 | K126: 8 | L126: =K126*I126% -> 703200
C127: =ROW()-2 -> 125 | D127: 03/2026 | E127: MXQ20-PS | F127: 360000 | G127: VH26G0386 | H127: 30 | I127: =H127*F127 -> 10800000 | K127: 8 | L127: =K127*I127% -> 864000
C128: =ROW()-2 -> 126 | D128: 03/2026 | E128: CY3B15-PS | F128: 246000 | G128: VH2630085 | H128: 30 | I128: =H128*F128 -> 7380000 | K128: 8 | L128: =K128*I128% -> 590400
D129: 06/2026 | E129: PF2M711-02-A-M | F129: =VLOOKUP(E129,Sheet1!$E$3:$F$95,2,0) -> 3435000 | G129: VH26H0124 | H129: 10 | I129: =H129*F129 -> 34350000 | K129: 8 | L129: =K129*I129% -> 2748000
D130: 06/2026 | E130: PF2M711-02-A-M | F130: =VLOOKUP(E130,Sheet1!$E$3:$F$95,2,0) -> 3435000 | G130: VH26K0086 | H130: 10 | I130: =H130*F130 -> 34350000 | K130: 8 | L130: =K130*I130% -> 2748000
D131: 06/2026 | E131: KQ2L04-02GS1 | F131: =VLOOKUP(E131,Sheet1!$E$3:$F$95,2,0) -> 108000 | G131: VH2650326 | H131: 40 | I131: =H131*F131 -> 4320000 | K131: 8 | L131: =K131*I131% -> 345600
D132: 06/2026 | E132: KQ2L04-02GS1 | F132: =VLOOKUP(E132,Sheet1!$E$3:$F$95,2,0) -> 108000 | G132: VH2640142 | H132: 36 | I132: =H132*F132 -> 3888000 | K132: 8 | L132: =K132*I132% -> 311040
D133: 06/2026 | E133: TU0425BU-100 | F133: =VLOOKUP(E133,Sheet1!$E$3:$F$95,2,0) -> 978000 | G133: VH26K0314 | H133: 4 | I133: =H133*F133 -> 3912000 | K133: 8 | L133: =K133*I133% -> 312960
D134: 06/2026 | E134: TU0425BU-100 | F134: =VLOOKUP(E134,Sheet1!$E$3:$F$95,2,0) -> 978000 | G134: VH26H0383 | H134: 4 | I134: =H134*F134 -> 3912000 | K134: 8 | L134: =K134*I134% -> 312960
D135: 06/2026 | E135: TU0425C-100 | F135: =VLOOKUP(E135,Sheet1!$E$3:$F$95,2,0) -> 978000 | G135: VH26H0197 | H135: 2 | I135: =H135*F135 -> 1956000 | K135: 8 | L135: =K135*I135% -> 156480
D136: 06/2026 | E136: TU0425C-100 | F136: =VLOOKUP(E136,Sheet1!$E$3:$F$95,2,0) -> 978000 | G136: VH26K0349 | H136: 4 | I136: =H136*F136 -> 3912000 | K136: 8 | L136: =K136*I136% -> 312960
D137: 06/2026 | E137: MXH2B6-5-XC22 | F137: =VLOOKUP(E137,Sheet1!$E$3:$F$95,2,0) -> 3105000 | G137: VH2650247 | H137: 5 | I137: =H137*F137 -> 15525000 | K137: 8 | L137: =K137*I137% -> 1242000
D138: 06/2026 | E138: CUJB20-PS | F138: =VLOOKUP(E138,Sheet1!$E$3:$F$95,2,0) -> 189000 | G138: VH2650331 | H138: 30 | I138: =H138*F138 -> 5670000 | K138: 8 | L138: =K138*I138% -> 453600
D139: 06/2026 | E139: CU10D-PS | F139: =VLOOKUP(E139,Sheet1!$E$3:$F$95,2,0) -> 66000 | G139: VH2640450 | H139: 50 | I139: =H139*F139 -> 3300000 | K139: 8 | L139: =K139*I139% -> 264000
D140: 06/2026 | E140: CU10D-PS | F140: =VLOOKUP(E140,Sheet1!$E$3:$F$95,2,0) -> 66000 | G140: VH2650229 | H140: 50 | I140: =H140*F140 -> 3300000 | K140: 8 | L140: =K140*I140% -> 264000
... D143: 06/2026 | E143: MHL10-PS | F143: =VLOOKUP(E143,Sheet1!$E$3:$F$95,2,0) -> 628000 | G143: VH2650235 | H143: 10 | I143: =H143*F143 -> 6280000 | K143: 8 | L143: =K143*I143% -> 502400
D144: 06/2026 | E144: AS1311F-M5-04A | F144: 174000 | G144: VH26K0328 | H144: 428 | I144: =H144*F144 -> 74472000 | K144: 8 | L144: =K144*I144% -> 5957760
D145: 07/2026 | E145: PF2M711-02-A-M | F145: =VLOOKUP(E145,Sheet1!$E$3:$F$95,2,0) -> 3435000 | G145: VH2670218 | H145: 10 | I145: =H145*F145 -> 34350000 | K145: 8 | L145: =K145*I145% -> 2748000
D146: 07/2026 | E146: PF2M711-02-A-M | F146: =VLOOKUP(E146,Sheet1!$E$3:$F$95,2,0) -> 3435000 | G146: VH2660397 | H146: 10 | I146: =H146*F146 -> 34350000 | K146: 8 | L146: =K146*I146% -> 2748000
D147: 07/2026 | E147: KQ2L04-02GS1 | F147: =VLOOKUP(E147,Sheet1!$E$3:$F$95,2,0) -> 108000 | G147: VH2660476 | H147: 40 | I147: =H147*F147 -> 4320000 | K147: 8 | L147: =K147*I147% -> 345600
D148: 07/2026 | E148: TU0425BU-100 | F148: =VLOOKUP(E148,Sheet1!$E$3:$F$95,2,0) -> 978000 | G148: VH26M0564 | H148: 6 | I148: =H148*F148 -> 5868000 | K148: 8 | L148: =K148*I148% -> 469440
D149: 07/2026 | E149: TU0425BU-100 | F149: =VLOOKUP(E149,Sheet1!$E$3:$F$95,2,0) -> 978000 | G149: VH84M0041 | H149: 6 | I149: =H149*F149 -> 5868000 | K149: 8 | L149: =K149*I149% -> 469440
D150: 07/2026 | E150: TU0425C-100 | F150: =VLOOKUP(E150,Sheet1!$E$3:$F$95,2,0) -> 978000 | G150: VH26M0203 | H150: 2 | I150: =H150*F150 -> 1956000 | K150: 8 | L150: =K150*I150% -> 156480
D151: 07/2026 | E151: TU0425C-100 | F151: =VLOOKUP(E151,Sheet1!$E$3:$F$95,2,0) -> 978000 | G151: VH26M0529 | H151: 6 | I151: =H151*F151 -> 5868000 | K151: 8 | L151: =K151*I151% -> 469440
D152: 07/2026 | E152: MXH2B6-5-XC22 | F152: =VLOOKUP(E152,Sheet1!$E$3:$F$95,2,0) -> 3105000 | G152: VH2660406 | H152: 5 | I152: =H152*F152 -> 15525000 | K152: 8 | L152: =K152*I152% -> 1242000
D153: 07/2026 | E153: MXH2B6-5-XC22 | F153: =VLOOKUP(E153,Sheet1!$E$3:$F$95,2,0) -> 3105000 | G153: VH2660439 | H153: 10 | I153: =H153*F153 -> 31050000 | K153: 8 | L153: =K153*I153% -> 2484000
D154: 07/2026 | E154: MXH2B6-5-XC22 | F154: =VLOOKUP(E154,Sheet1!$E$3:$F$95,2,0) -> 3105000 | G154: VH2670073 | H154: 25 | I154: =H154*F154 -> 77625000 | K154: 8 | L154: =K154*I154% -> 6210000
D155: 07/2026 | E155: MXH2B6-5-XC22 | F155: =VLOOKUP(E155,Sheet1!$E$3:$F$95,2,0) -> 3105000 | G155: VH2NK0005 | H155: 5 | I155: =H155*F155 -> 15525000 | K155: 8 | L155: =K155*I155% -> 1242000
D156: 07/2026 | E156: CU10D-PS | F156: =VLOOKUP(E156,Sheet1!$E$3:$F$95,2,0) -> 66000 | G156: VH2670216 | H156: 50 | I156: =H156*F156 -> 3300000 | K156: 8 | L156: =K156*I156% -> 264000
D157: 08/2026 | E157: PF2M711-02-A-M | F157: 3435000 | G157: VH2680286 | H157: 10 | I157: =H157*F157 -> 34350000 | K157: 8 | L157: =K157*I157% -> 2748000
D158: 08/2026 | E158: PF2M711-02-A-M | F158: 3435000 | G158: VH2690563 | H158: 6 | I158: =H158*F158 -> 20610000 | K158: 8 | L158: =K158*I158% -> 1648800
D159: 08/2026 | E159: PF2M711-02-A-M | F159: 3435000 | G159: VH26A0302 | H159: 6 | I159: =H159*F159 -> 20610000 | K159: 8 | L159: =K159*I159% -> 1648800
D160: 08/2026 | E160: PF2M711-02-A-M | F160: 3435000 | G160: VH26W0208 | H160: 34 | I160: =H160*F160 -> 116790000 | K160: 8 | L160: =K160*I160% -> 9343200
D161: 08/2026 | E161: KQ2L04-02GS1 | F161: 108000 | G161: VH26W0294 | H161: 124 | I161: =H161*F161 -> 13392000 | K161: 8 | L161: =K161*I161% -> 1071360
D162: 08/2026 | E162: TU0425BU-100 | F162: 978000 | G162: VH8NM0024 | H162: 2 | I162: =H162*F162 -> 1956000 | K162: 5 | L162: =K162*I162% -> 97800
D163: 08/2026 | E163: TU0425BU-100 | F163: 978000 | G163: VH8NT0013 | H163: 3 | I163: =H163*F163 -> 2934000 | K163: 5 | L163: =K163*I163% -> 146700
D164: 08/2026 | E164: TU0425C-100 | F164: 978000 | I164: =H164*F164 -> 0 | K164: 8 | L164: =K164*I164% -> 0
D165: 08/2026 | E165: MXH2B6-5-XC22 | F165: 3105000 | G165: VH2680203 | H165: 30 | I165: =H165*F165 -> 93150000 | K165: 5 | L165: =K165*I165% -> 4657500
D166: 08/2026 | E166: MXH2B6-5-XC22 | F166: 3105000 | G166: VH2690421 | H166: 30 | I166: =H166*F166 -> 93150000 | K166: 5 | L166: =K166*I166% -> 4657500
D167: 08/2026 | E167: MXH2B6-5-XC22 | F167: 3105000 | G167: VH26A0017 | H167: 45 | I167: =H167*F167 -> 139725000 | K167: 5 | L167: =K167*I167% -> 6986250
D168: 08/2026 | E168: MXH2B6-5-XC22 | F168: 3105000 | G168: VH2N80024 | H168: 10 | I168: =H168*F168 -> 31050000 | K168: 5 | L168: =K168*I168% -> 1552500
D169: 08/2026 | E169: CUJB20-PS | F169: 189000 | G169: VH2680207 | H169: 100 | I169: =H169*F169 -> 18900000 | K169: 8 | L169: =K169*I169% -> 1512000
D170: 08/2026 | E170: CUJB20-PS | F170: 189000 | G170: VH2690438 | H170: 100 | I170: =H170*F170 -> 18900000 | K170: 8 | L170: =K170*I170% -> 1512000
D171: 08/2026 | E171: CU10D-PS | F171: 66000 | G171: VH2680207 | H171: 100 | I171: =H171*F171 -> 6600000 | K171: 8 | L171: =K171*I171% -> 528000
D172: 08/2026 | E172: CU10D-PS | F172: 66000 | G172: VH2690438 | H172: 100 | I172: =H172*F172 -> 6600000 | K172: 8 | L172: =K172*I172% -> 528000
...

Sheet Sheet3
E2: CXSWM10-PS
E3: CXSM15-PS
E4: CUW16D-PS
E5: CXSWL10APS
E6: CQ2B63-PS
E7: CY3R15-PS
E8: MXQ20-PS
E9: MHL10-PS
E10: CY3B15-PS
E11: CY3R10-PS
E12: PF2M711-02-A-M
E13: KQ2L04-02GS1
... E21: TU0425C-100

Sheet Sheet2
H2: PF2M711-02-A-M | I2: =VLOOKUP(H2,Sheet1!$E$3:$F$95,2,0) -> 3435000 | K2: PF2M711-02-A-M | L2: 3435000
E3: MXH2B6-5-XC22 | H3: KQ2L04-02GS1 | I3: =VLOOKUP(H3,Sheet1!$E$3:$F$95,2,0) -> 108000 | K3: KQ2L04-02GS1 | L3: 108000
E4: RCP2W-RA6C-I-56P-4-50-P1-P | H4: TU0425BU-100 | I4: =VLOOKUP(H4,Sheet1!$E$3:$F$95,2,0) -> 978000 | K4: TU0425BU-100 | L4: 978000
E5: PF2M711-02-A-M | H5: TU0425C-100 | I5: =VLOOKUP(H5,Sheet1!$E$3:$F$95,2,0) -> 978000 | K5: TU0425BU-100 | L5: 978000
E6: AB-2505E | H6: MXH2B6-5-XC22 | I6: =VLOOKUP(H6,Sheet1!$E$3:$F$95,2,0) -> 3105000 | K6: TU0425C-100 | L6: 978000
E7: MXQ12A-75ZHF | H7: CUJB20-PS | I7: =VLOOKUP(H7,Sheet1!$E$3:$F$95,2,0) -> 189000 | K7: MXH2B6-5-XC22 | L7: 3105000
E8: 3HR-4/3FAUC | H8: CJP2B16D-PS | I8: =VLOOKUP(H8,Sheet1!$E$3:$F$95,2,0) -> 119000 | K8: CUJB20-PS | L8: 189000
E9: MXQ16L-50AS | H9: CU10D-PS | I9: =VLOOKUP(H9,Sheet1!$E$3:$F$95,2,0) -> 66000 | K9: CJP2B16D-PS | L9: 119000
E10: MXQ20-10A | H10: CQSWB12-PS | I10: =VLOOKUP(H10,Sheet1!$E$3:$F$95,2,0) -> 71000 | K10: CU10D-PS | L10: 66000
E11: MXQ16-50AS | H11: CQSB12-PS | I11: =VLOOKUP(H11,Sheet1!$E$3:$F$95,2,0) -> 57000 | K11: CQSWB12-PS | L11: 71000
E12: KQ2L04-02GS1 | H12: CY3R10-PS | I12: =VLOOKUP(H12,Sheet1!$E$3:$F$95,2,0) -> 714000 | K12: CQSB12-PS | L12: 57000
E13: MXQ8-10 | H13: CXSWM10-PS | I13: =VLOOKUP(H13,Sheet1!$E$3:$F$95,2,0) -> 284000 | K13: CY3R10-PS | L13: 714000
E14: TB-02-C-SWR-CHI | H14: CXSM15-PS | I14: =VLOOKUP(H14,Sheet1!$E$3:$F$95,2,0) -> 189000 | K14: CXSWM10-PS | L14: 284000
... E21: CXSM15-PS | H21: CY3B15-PS | I21: =VLOOKUP(H21,Sheet1!$E$3:$F$95,2,0) -> 246000 | K21: MHL10-PS | L21: 628000
E22: CUW16D-PS | H22: AS1311F-M5-04A | I22: 174000 | K22: CY3B15-PS | L22: 246000
E23: CXSWL10APS | K23: AS1311F-M5-04A | L23: 174000
E24: CQ2B63-PS
E25: CY3R15-PS
E26: MXQ20-PS
E27: AS1201F-M5-02A
E28: RCP2-SA5R-I-42P-12-250-P1-P-ML
E29: CJP2B16D-PS
E30: CU10D-PS
E31: CDQSWB20-5DC
E32: CQSWB12-PS
E33: CDQSB16-75DC
E34: PDR-080
E35: MHL10-PS
... E40: KQ2C-04GA
